time,open,high,low,close
2024-01-02,100.0,100.8,99.05,100.0
2024-01-03,100.4462,104.1252,99.5652,103.199
2024-01-04,103.084,106.6769,102.2215,105.7405
2024-01-05,105.3239,108.0767,104.3754,107.2555
2024-01-08,107.4779,108.7125,106.5798,107.799
2024-01-09,108.1583,109.1022,106.9237,107.7662
2024-01-10,107.4513,108.4839,106.5072,107.642
2024-01-11,107.3639,108.6264,106.4508,107.7278
2024-01-12,108.1145,109.0629,107.1771,107.9989
2024-01-15,108.1774,109.0392,107.231,108.1677
2024-01-16,107.7351,108.7924,106.8092,107.9108
2024-01-17,107.8438,108.7938,106.3209,107.1215
2024-01-18,107.5715,108.4519,105.1096,106.0362
2024-01-19,105.9873,106.8503,104.2177,105.1538
2024-01-22,104.7165,105.935,103.8959,104.9865
2024-01-23,105.148,106.6749,104.2341,105.7774
2024-01-24,106.173,108.1866,105.2294,107.3434
2024-01-25,107.0799,110.079,106.2386,109.1348
2024-01-26,108.8071,111.3963,107.908,110.4837
2024-01-29,110.8317,111.7329,109.8834,110.9104
2024-01-30,111.1485,112.0855,109.4646,110.3258
2024-01-31,109.9165,110.842,108.1415,109.0237
2024-02-01,108.8911,109.6924,106.5281,107.4781
2024-02-02,107.9216,108.8485,105.184,106.0639
2024-02-05,106.0822,107.0181,103.9984,104.8621
2024-02-06,104.4138,105.2337,102.7072,103.6559
2024-02-07,103.7531,104.6674,101.221,102.118
2024-02-08,102.5412,103.4846,99.2295,100.0733
2024-02-09,99.867,100.7077,96.7363,97.6806
2024-02-12,97.3106,98.2101,94.5089,95.4211
2024-02-13,95.7227,96.6709,93.0661,93.8892
2024-02-14,94.1816,95.0422,92.5608,93.498
2024-02-15,93.1211,95.1414,92.196,94.2587
2024-02-16,94.0635,96.709,93.2615,95.7591
2024-02-19,96.1863,98.2344,95.259,97.3551
2024-02-20,97.4402,99.3384,96.5046,98.4742
2024-02-21,98.025,99.817,97.2058,98.8683
2024-02-22,98.8989,99.7954,97.7687,98.6835
2024-02-23,99.1248,99.9692,97.3749,98.3181
2024-02-26,98.1738,99.1183,97.316,98.156
2024-02-27,97.7519,99.244,96.8519,98.3322
2024-02-28,98.5807,99.4894,97.6326,98.6656
2024-02-29,99.0056,99.9431,97.9337,98.7937
2024-03-01,98.4576,99.3824,97.5479,98.4312
2024-03-04,98.1777,98.9804,96.6467,97.5967
2024-03-05,97.9981,98.9257,95.7938,96.6726
2024-03-06,96.8226,97.7578,95.3875,96.2524
2024-03-07,95.8123,97.6723,94.8635,96.8538
2024-03-08,96.8172,99.5662,95.9211,98.6509
2024-03-11,99.1004,102.3162,98.2553,101.3731
2024-03-12,101.2939,105.2652,100.3491,104.4258
2024-03-13,103.9967,108.0707,103.0854,107.1702
2024-03-14,107.36,110.1573,106.5355,109.2093
2024-03-15,109.5894,111.3883,108.6517,110.5289
2024-03-18,110.2412,112.3085,109.3168,111.4247
2024-03-19,111.1187,113.215,110.3153,112.265
2024-03-20,112.6317,114.112,111.7037,113.2338
2024-03-21,113.4453,115.0671,112.5104,114.2016
2024-03-22,113.7805,115.7511,112.9626,114.8022
2024-03-25,114.6992,115.5947,113.753,114.6687
2024-03-26,115.1164,115.9621,112.7495,113.6923
2024-03-27,113.68,114.6249,111.3114,112.1501
2024-03-28,111.7056,112.6165,109.7191,110.6201
2024-03-29,110.747,111.5721,108.7739,109.7218
2024-04-01,110.1336,111.0716,108.9595,109.8183
2024-04-02,109.5853,111.7662,108.7009,110.8422
2024-04-03,110.4904,113.1408,109.5405,112.3368
2024-04-04,112.6605,114.6199,111.7828,113.6916
2024-04-05,113.9599,115.3752,113.0939,114.4405
2024-04-08,114.0477,115.28,113.0987,114.4628
2024-04-09,114.2957,115.2117,113.0867,113.9817
2024-04-10,114.4176,115.3603,112.5254,113.3717
2024-04-11,113.4265,114.2646,111.9474,112.8925
2024-04-12,112.4425,113.4096,111.5321,112.5081
2024-04-15,112.5692,113.517,111.0724,111.8982
2024-04-16,112.3324,113.1906,109.7194,110.6576
2024-04-17,110.4846,111.3695,107.6461,108.5697
2024-04-18,108.1801,109.13,104.9903,105.7949
2024-04-19,106.0684,106.9455,101.9313,102.86
2024-04-22,103.1792,104.0458,99.5102,100.4446
2024-04-23,100.0889,101.038,98.2581,99.0747
2024-04-24,98.8471,99.7807,97.9306,98.8862
2024-04-25,99.3005,100.4323,98.3581,99.5853
2024-04-26,99.7061,101.5682,98.8687,100.6229
2024-04-29,100.1775,102.395,99.2755,101.485
2024-04-30,101.479,102.7652,100.5313,101.9388
2024-05-01,102.3858,103.3243,101.245,102.1026
2024-05-02,101.9934,103.2316,101.1079,102.3083
2024-05-03,101.8895,103.6502,100.9395,102.8449
2024-05-06,103.062,104.6654,102.1855,103.7364
2024-05-07,104.0992,105.6221,103.232,104.688
2024-05-08,104.3773,106.0518,103.4281,105.2359
2024-05-09,104.9531,105.936,104.0591,105.0191
2024-05-10,105.4027,106.3449,103.17,104.0176
2024-05-13,104.2016,105.0384,101.6734,102.6188
2024-05-14,102.1879,103.0903,100.5567,101.4662
2024-05-15,101.3933,102.3408,100.3391,101.1662
2024-05-16,101.6159,102.8646,100.6772,102.0077
2024-05-17,101.9647,104.73,101.0418,103.844
2024-05-20,103.4053,107.1462,102.5993,106.1963
2024-05-21,106.3523,109.3925,105.423,108.5165
2024-05-22,108.915,111.3296,107.9812,110.4618
2024-05-23,110.2031,112.9789,109.3879,112.0297
2024-05-24,111.6979,114.3781,110.7805,113.4846
2024-05-27,113.8288,115.9745,112.8868,115.1263
2024-05-28,115.3694,117.9858,114.5332,117.0402
2024-05-29,116.6334,119.8908,115.7304,118.9817
2024-05-30,118.8434,121.2938,117.896,120.4661
2024-05-31,120.9086,121.9588,120.0522,121.0198
2024-06-03,121.0441,121.9666,119.5676,120.4541
2024-06-04,120.0054,120.812,118.0547,119.0045
2024-06-05,119.0959,120.0255,116.3773,117.2527
2024-06-06,117.6778,118.6113,114.9985,115.8669
2024-06-07,115.666,116.4805,114.3483,115.2976
2024-06-10,114.9241,116.5067,114.0312,115.5889
2024-06-11,115.8861,117.3459,115.0372,116.4041
2024-06-12,116.701,118.0783,115.7552,117.2428
2024-06-13,116.8691,118.6278,115.9605,117.7243
2024-06-14,117.5238,118.7257,116.6954,117.7784
2024-06-17,118.2037,119.0594,116.6982,117.6375
2024-06-18,117.7284,118.6155,116.7216,117.6438
2024-06-19,117.195,118.9372,116.3877,117.9874
2024-06-20,118.0121,119.4085,117.0821,118.5337
2024-06-21,118.9761,119.845,117.9128,118.846
2024-06-24,118.7073,119.6567,117.5861,118.4001
2024-06-25,117.9934,118.8858,115.955,116.8732
2024-06-26,117.1167,117.9662,113.4068,114.3484
2024-06-27,114.6923,115.6382,110.4807,111.3155
2024-06-28,110.9834,111.8916,107.5599,108.4638
2024-07-01,108.2055,109.0345,105.4271,106.3743
2024-07-02,106.7729,107.7125,104.4201,105.2752
2024-07-03,105.4308,106.3525,104.1005,104.9881
2024-07-04,104.5493,105.8941,103.5995,105.0861
2024-07-05,105.0436,106.0977,104.1693,105.1674
2024-07-08,105.6171,106.55,104.2177,105.0872
2024-07-09,105.0139,105.8309,104.0645,105.0177
2024-07-10,104.5869,106.2228,103.695,105.3042
2024-07-11,105.4886,107.1492,104.6384,106.2078
2024-07-12,106.5911,108.5208,105.6451,107.6866
2024-07-15,107.4035,110.2539,106.4958,109.3495
2024-07-16,109.0391,111.5651,108.2095,110.618
2024-07-17,110.9812,111.8683,110.0414,111.0138
2024-07-18,111.2306,112.1187,109.4921,110.4135
2024-07-19,109.9945,110.9443,108.3225,109.1311
2024-07-22,109.0223,109.8959,106.8473,107.7779
2024-07-23,108.225,109.0951,106.042,106.9746
2024-07-24,106.9682,108.0179,106.1556,107.0685
2024-07-25,106.6231,108.8976,105.7041,108.0062
2024-07-26,108.1274,110.2743,107.1862,109.4235
2024-07-29,109.8377,111.8381,109.0041,110.8919
2024-07-30,110.664,113.085,109.7591,112.1778
2024-07-31,111.8223,114.1944,110.8754,113.3641
2024-08-01,113.6835,115.7066,112.8297,114.7666
2024-08-02,115.0398,117.6171,114.1511,116.6961
2024-08-05,116.3062,120.0161,115.3565,119.2068
2024-08-06,119.0341,122.9143,118.1611,121.9833
2024-08-07,122.4177,125.371,121.5469,124.4387
2024-08-08,124.4995,126.7909,123.5499,125.979
2024-08-09,125.529,127.2122,124.6382,126.2929
2024-08-12,126.3481,127.289,124.6576,125.509
2024-08-13,125.9447,126.7777,123.1873,124.1337
2024-08-14,123.9661,124.8715,121.8953,122.802
2024-08-15,122.4094,123.3562,121.1465,121.9775
2024-08-16,122.2461,123.0994,120.8199,121.7601
2024-08-19,122.0835,122.9727,120.9822,121.9027
2024-08-20,121.5507,122.9643,120.7408,122.0146
2024-08-21,121.782,122.7029,120.8506,121.8304
2024-08-22,122.2423,123.1137,120.4531,121.385
2024-08-23,121.5115,122.4611,120.1827,120.994
2024-08-26,120.5494,121.9394,119.6296,121.0491
2024-08-27,121.0372,122.6022,120.0965,121.7502
2024-08-28,122.1978,123.8756,121.3656,122.9291
2024-08-29,122.8257,124.9824,121.9199,124.0761
2024-08-30,123.6551,125.3939,122.7085,124.5622
2024-09-02,124.7741,125.7146,123.0907,123.9433
2024-09-03,124.3097,125.2299,121.291,122.1808
2024-09-04,121.8745,122.6851,118.7113,119.661
2024-09-05,119.3735,120.3051,116.1309,117.0028
2024-09-06,117.3832,118.3149,113.8881,114.76
2024-09-09,114.9494,115.76,112.2293,113.1789
2024-09-10,112.7497,113.6699,111.2516,112.1413
2024-09-11,112.0625,113.003,110.4602,111.3128
2024-09-12,111.7623,112.5939,109.4577,110.4043
2024-09-13,110.3673,111.2736,108.4837,109.3895
2024-09-16,108.9495,109.896,107.7178,108.5501
2024-09-17,108.7005,109.5525,107.3785,108.3192
2024-09-18,108.7204,109.9024,107.8006,109.0121
2024-09-19,108.7584,111.5495,107.9471,110.6
2024-09-20,110.2641,113.5316,109.3322,112.6603
2024-09-23,113.0006,115.4153,112.0693,114.5428
2024-09-24,114.7909,116.6151,113.9809,115.6654
2024-09-25,115.2612,116.6746,114.3406,115.7854
2024-09-26,115.6414,116.4947,114.1584,115.0987
2024-09-27,115.54,116.4868,113.287,114.118
2024-09-30,114.1482,115.0535,112.4917,113.3985
2024-10-01,112.9494,114.0972,112.003,113.2643
2024-10-02,113.3498,114.6235,112.4984,113.6826
2024-10-03,114.1097,115.269,113.2189,114.3496
2024-10-04,114.1541,115.7407,113.2045,114.9288
2024-10-07,114.5521,116.2301,113.6813,115.2979
2024-10-08,115.5905,116.5882,114.7174,115.6572
2024-10-09,115.9585,117.2407,115.0088,116.4314
2024-10-10,116.0611,118.9381,115.1724,118.0171
2024-10-11,117.8112,121.4602,116.9574,120.5202
2024-10-14,120.9436,124.4641,119.9967,123.6338
2024-10-15,123.7305,127.6407,122.8257,126.7334
2024-10-16,126.2852,130.0927,125.4516,129.1465
2024-10-17,129.1652,131.3031,128.2241,130.4524
2024-10-18,130.8958,131.7872,129.7367,130.6557
2024-10-21,130.5227,131.4722,129.3294,130.142
2024-10-22,129.7328,130.6029,128.5134,129.446
2024-10-23,129.6844,130.5581,128.0336,128.9642
2024-10-24,129.312,130.2617,127.9624,128.771
2024-10-25,128.4429,129.5241,127.5216,128.6359
2024-10-28,128.3727,129.2272,127.285,128.2247
2024-10-29,128.6206,129.5676,126.5301,127.3598
2024-10-30,127.521,128.4254,125.2768,126.1845
2024-10-31,125.7471,126.5813,124.1835,125.1295
2024-11-01,125.081,126.0224,123.8439,124.694
2024-11-04,125.1439,126.0807,124.252,125.1622
2024-11-05,125.0947,127.228,124.1453,126.4147
2024-11-06,125.9822,128.8798,125.1127,127.9469
2024-11-07,128.1258,130.0192,127.2516,129.0888
2024-11-08,129.4752,130.2832,128.3649,129.3147
2024-11-11,129.0362,129.958,127.5883,128.4759
2024-11-12,128.1612,129.1008,125.9813,126.8364
2024-11-13,127.1959,128.0249,123.9508,124.898
2024-11-14,125.1199,126.0281,122.2145,123.1184
2024-11-15,122.7017,123.6475,120.847,121.6818
2024-11-18,121.5672,122.4167,119.5062,120.4478
2024-11-19,120.8941,121.7865,118.1841,119.1022
2024-11-20,119.1018,120.0512,116.6017,117.4156
2024-11-21,116.9694,117.8384,114.5206,115.4538
2024-11-22,115.5692,116.444,112.6817,113.6117
2024-11-25,114.0282,114.978,111.6362,112.4435
2024-11-26,112.2208,113.2642,111.2987,112.3771
2024-11-27,112.0181,114.3278,111.0788,113.4721
2024-11-28,113.7873,116.3045,112.959,115.3572
2024-11-29,115.635,118.2914,114.7264,117.388
2024-12-02,117.0011,119.7778,116.0554,118.9423
2024-12-03,118.7641,120.6391,117.9153,119.6973
2024-12-04,120.1301,121.0478,118.849,119.7419
2024-12-05,119.8085,120.6231,118.5212,119.4705
2024-12-06,119.0206,120.2595,118.1522,119.326
2024-12-09,119.3753,120.4703,118.4999,119.5406
2024-12-10,119.9778,120.8286,119.028,120.0219
2024-12-11,119.86,121.3679,118.9734,120.4454
2024-12-12,120.0499,121.434,119.1935,120.495
2024-12-13,120.7589,121.5866,119.1613,120.1087
2024-12-16,120.4362,121.3452,118.6763,119.5792
2024-12-17,119.231,120.391,118.3948,119.4454
2024-12-18,119.2077,121.0734,118.2657,120.2251
2024-12-19,120.6346,123.0287,119.7173,122.1352
2024-12-20,122.2674,125.9028,121.4522,124.9536
2024-12-23,124.51,128.9694,123.5762,128.1016
2024-12-24,128.0837,131.7819,127.1544,130.9059
2024-12-25,131.3541,133.8492,130.5482,132.8994
2024-12-26,132.8018,134.8874,131.8789,134.0014
2024-12-27,133.5784,135.3438,132.6396,134.4868
2024-12-30,134.6934,135.7171,133.8664,134.7696
2024-12-31,135.1394,136.0419,134.2216,135.1312
2025-01-01,134.8293,136.3878,133.8838,135.551
2025-01-02,135.259,136.6774,134.4114,135.7352
2025-01-03,136.1123,137.0292,134.4302,135.3242
2025-01-06,135.519,136.3349,133.2082,134.1573
2025-01-07,133.73,134.6641,131.5681,132.4353
2025-01-08,132.3506,133.2796,129.8033,130.6798
2025-01-09,131.129,131.9343,128.5535,129.5034
2025-01-10,129.4723,130.3956,128.4244,129.3099
2025-01-13,128.8687,131.0274,128.0112,130.0889
2025-01-14,130.2336,132.243,129.286,131.4166
2025-01-15,131.8205,133.5746,130.9185,132.6646
2025-01-16,132.4158,134.2478,131.5783,133.3025
2025-01-17,132.9627,133.98,132.0203,133.133
2025-01-20,133.4694,134.3639,131.4185,132.335
2025-01-21,132.5881,133.5372,130.4848,131.3014
2025-01-22,130.8998,131.7664,129.4375,130.3719
2025-01-23,130.2223,131.0994,128.6901,129.6187
2025-01-24,130.0589,131.0088,128.0047,128.8093
2025-01-27,128.8455,129.7304,126.6449,127.5686
2025-01-28,127.1191,127.9773,124.7067,125.645
2025-01-29,125.7246,126.6724,122.2997,123.1254
2025-01-30,123.5544,124.4559,119.5577,120.4681
2025-01-31,120.2779,121.116,117.3795,118.3246
2025-02-03,117.9447,118.8873,116.3962,117.2425
2025-02-04,117.5306,118.4467,116.5111,117.4061
2025-02-05,117.7118,119.3732,116.7628,118.5559
2025-02-06,118.1891,121.0651,117.3231,120.1304
2025-02-07,119.9192,122.4779,119.0416,121.5496
2025-02-10,121.9708,123.2916,121.0209,122.4876
2025-02-11,122.5902,123.9113,121.7059,122.9873
2025-02-12,122.5396,124.2996,121.6808,123.3616
2025-02-13,123.3744,124.7737,122.4265,123.9486
2025-02-14,124.3931,125.7772,123.492,124.8663
2025-02-17,124.739,126.8577,123.9003,125.9127
2025-02-18,125.5011,127.5183,124.5582,126.6726
2025-02-19,126.9059,127.8015,125.8541,126.7698
2025-02-20,127.1213,128.0702,125.3034,126.1213
2025-02-21,125.7973,126.6628,124.1081,125.0431
2025-02-24,124.775,125.6533,123.2111,124.1391
2025-02-25,124.5321,125.4821,123.2234,124.0267
2025-02-26,124.1934,125.9264,123.269,125.0426
2025-02-27,124.6066,127.9467,123.6689,127.0873
2025-02-28,127.0329,130.6378,126.2084,129.6899
2025-03-03,130.1398,133.1544,129.2285,132.2539
2025-03-04,132.1923,135.1879,131.2476,134.3485
2025-03-05,133.9144,136.8282,133.0693,135.8851
2025-03-06,136.0585,138.0034,135.1625,137.0881
2025-03-07,137.4776,139.1053,136.5287,138.2867
2025-03-10,138.013,140.5894,137.1481,139.6541
2025-03-11,139.3352,141.9789,138.4564,141.0513
2025-03-12,141.4072,142.8726,140.4572,142.0699
2025-03-13,142.2971,143.2218,141.3716,142.2548
2025-03-14,141.8404,142.7778,140.5209,141.3809
2025-03-17,141.2605,142.0843,138.677,139.6251
2025-03-18,140.0706,140.9824,136.6311,137.5311
2025-03-19,137.5367,138.4813,134.9361,135.7761
2025-03-20,135.3292,136.1737,133.9195,134.8628
2025-03-21,134.9724,135.8689,133.9836,134.8984
2025-03-24,135.3171,136.5275,134.4979,135.5787
